{
    "multi_account": true,
    "accounts": [
        {
            "user": "ultragen__0",
            "pass": "123asd123",
            "wpm": 120,
            "accuracy": 0.99
        },
        {
            "user": "ultragen__1",
            "pass": "123asd123",
            "wpm": 120,
            "accuracy": 0.99
        },
        {
            "user": "ultragen__2",
            "pass": "123asd123",
            "wpm": 120,
            "accuracy": 0.99
        },
        {
            "user": "ultragen__3",
            "pass": "123asd123",
            "wpm": 120,
            "accuracy": 0.99
        },
        {
            "user": "ultragen__4",
            "pass": "123asd123",
            "wpm": 120,
            "accuracy": 0.99
        },
        {
            "user": "ultragen__5",
            "pass": "123asd123",
            "wpm": 120,
            "accuracy": 0.99
        },
        {
            "user": "ultragen__6",
            "pass": "123asd123",
            "wpm": 120,
            "accuracy": 0.99
        },
        {
            "user": "ultragen__7",
            "pass": "123asd123",
            "wpm": 120,
            "accuracy": 0.99
        },
        {
            "user": "ultragen__8",
            "pass": "123asd123",
            "wpm": 120,
            "accuracy": 0.99
        },
        {
            "user": "ultragen__9",
            "pass": "123asd123",
            "wpm": 120,
            "accuracy": 0.99
        },
        {
            "user": "ultragen__10",
            "pass": "123asd123",
            "wpm": 120,
            "accuracy": 0.99
        },
        {
            "user": "ultragen__11",
            "pass": "123asd123",
            "wpm": 120,
            "accuracy": 0.99
        },
        {
            "user": "ultragen__12",
            "pass": "123asd123",
            "wpm": 120,
            "accuracy": 0.99
        },
        {
            "user": "ultragen__13",
            "pass": "123asd123",
            "wpm": 120,
            "accuracy": 0.99
        },
        {
            "user": "ultragen__14",
            "pass": "123asd123",
            "wpm": 120,
            "accuracy": 0.99
        },
        {
            "user": "ultragen__15",
            "pass": "123asd123",
            "wpm": 120,
            "accuracy": 0.99
        },
        {
            "user": "ultragen__16",
            "pass": "123asd123",
            "wpm": 120,
            "accuracy": 0.99
        },
        {
            "user": "ultragen__17",
            "pass": "123asd123",
            "wpm": 120,
            "accuracy": 0.99
        },
        {
            "user": "ultragen__18",
            "pass": "123asd123",
            "wpm": 120,
            "accuracy": 0.99
        },
        {
            "user": "ultragen__19",
            "pass": "123asd123",
            "wpm": 120,
            "accuracy": 0.99
        },
        {
            "user": "ultragen__20",
            "pass": "123asd123",
            "wpm": 120,
            "accuracy": 0.99
        },
        {
            "user": "ultragen__21",
            "pass": "123asd123",
            "wpm": 120,
            "accuracy": 0.99
        },
        {
            "user": "ultragen__22",
            "pass": "123asd123",
            "wpm": 120,
            "accuracy": 0.99
        },
        {
            "user": "ultragen__23",
            "pass": "123asd123",
            "wpm": 120,
            "accuracy": 0.99
        },
        {
            "user": "ultragen__24",
            "pass": "123asd123",
            "wpm": 120,
            "accuracy": 0.99
        },
        {
            "user": "ultragen__25",
            "pass": "123asd123",
            "wpm": 120,
            "accuracy": 0.99
        },
        {
            "user": "ultragen__26",
            "pass": "123asd123",
            "wpm": 120,
            "accuracy": 0.99
        },
        {
            "user": "ultragen__27",
            "pass": "123asd123",
            "wpm": 120,
            "accuracy": 0.99
        },
        {
            "user": "ultragen__28",
            "pass": "123asd123",
            "wpm": 120,
            "accuracy": 0.99
        },
        {
            "user": "ultragen__29",
            "pass": "123asd123",
            "wpm": 120,
            "accuracy": 0.99
        },
        {
            "user": "ultragen__30",
            "pass": "123asd123",
            "wpm": 120,
            "accuracy": 0.99
        },
        {
            "user": "ultragen__31",
            "pass": "123asd123",
            "wpm": 120,
            "accuracy": 0.99
        },
        {
            "user": "ultragen__32",
            "pass": "123asd123",
            "wpm": 120,
            "accuracy": 0.99
        },
        {
            "user": "ultragen__33",
            "pass": "123asd123",
            "wpm": 120,
            "accuracy": 0.99
        },
        {
            "user": "ultragen__34",
            "pass": "123asd123",
            "wpm": 120,
            "accuracy": 0.99
        },
        {
            "user": "ultragen__35",
            "pass": "123asd123",
            "wpm": 120,
            "accuracy": 0.99
        },
        {
            "user": "ultragen__36",
            "pass": "123asd123",
            "wpm": 120,
            "accuracy": 0.99
        },
        {
            "user": "ultragen__37",
            "pass": "123asd123",
            "wpm": 120,
            "accuracy": 0.99
        },
        {
            "user": "ultragen__38",
            "pass": "123asd123",
            "wpm": 120,
            "accuracy": 0.99
        },
        {
            "user": "ultragen__39",
            "pass": "123asd123",
            "wpm": 120,
            "accuracy": 0.99
        },
        {
            "user": "ultragen__40",
            "pass": "123asd123",
            "wpm": 120,
            "accuracy": 0.99
        },
        {
            "user": "ultragen__41",
            "pass": "123asd123",
            "wpm": 120,
            "accuracy": 0.99
        },
        {
            "user": "ultragen__42",
            "pass": "123asd123",
            "wpm": 120,
            "accuracy": 0.99
        },
        {
            "user": "ultragen__43",
            "pass": "123asd123",
            "wpm": 120,
            "accuracy": 0.99
        },
        {
            "user": "ultragen__44",
            "pass": "123asd123",
            "wpm": 120,
            "accuracy": 0.99
        },
        {
            "user": "ultragen__45",
            "pass": "123asd123",
            "wpm": 120,
            "accuracy": 0.99
        },
        {
            "user": "ultragen__46",
            "pass": "123asd123",
            "wpm": 120,
            "accuracy": 0.99
        },
        {
            "user": "ultragen__47",
            "pass": "123asd123",
            "wpm": 120,
            "accuracy": 0.99
        },
        {
            "user": "ultragen__48",
            "pass": "123asd123",
            "wpm": 120,
            "accuracy": 0.99
        },
        {
            "user": "ultragen__49",
            "pass": "123asd123",
            "wpm": 120,
            "accuracy": 0.99
        },
        {
            "user": "ultragen__50",
            "pass": "123asd123",
            "wpm": 120,
            "accuracy": 0.99
        },
        {
            "user": "ultragen__51",
            "pass": "123asd123",
            "wpm": 120,
            "accuracy": 0.99
        },
        {
            "user": "ultragen__52",
            "pass": "123asd123",
            "wpm": 120,
            "accuracy": 0.99
        },
        {
            "user": "ultragen__53",
            "pass": "123asd123",
            "wpm": 120,
            "accuracy": 0.99
        },
        {
            "user": "ultragen__54",
            "pass": "123asd123",
            "wpm": 120,
            "accuracy": 0.99
        },
        {
            "user": "ultragen__55",
            "pass": "123asd123",
            "wpm": 120,
            "accuracy": 0.99
        },
        {
            "user": "ultragen__56",
            "pass": "123asd123",
            "wpm": 120,
            "accuracy": 0.99
        },
        {
            "user": "ultragen__57",
            "pass": "123asd123",
            "wpm": 120,
            "accuracy": 0.99
        },
        {
            "user": "ultragen__58",
            "pass": "123asd123",
            "wpm": 120,
            "accuracy": 0.99
        },
        {
            "user": "ultragen__59",
            "pass": "123asd123",
            "wpm": 120,
            "accuracy": 0.99
        },
        {
            "user": "ultragen__60",
            "pass": "123asd123",
            "wpm": 120,
            "accuracy": 0.99
        },
        {
            "user": "ultragen__61",
            "pass": "123asd123",
            "wpm": 120,
            "accuracy": 0.99
        },
        {
            "user": "ultragen__62",
            "pass": "123asd123",
            "wpm": 120,
            "accuracy": 0.99
        },
        {
            "user": "ultragen__63",
            "pass": "123asd123",
            "wpm": 120,
            "accuracy": 0.99
        },
        {
            "user": "ultragen__64",
            "pass": "123asd123",
            "wpm": 120,
            "accuracy": 0.99
        },
        {
            "user": "ultragen__65",
            "pass": "123asd123",
            "wpm": 120,
            "accuracy": 0.99
        },
        {
            "user": "ultragen__66",
            "pass": "123asd123",
            "wpm": 120,
            "accuracy": 0.99
        },
        {
            "user": "ultragen__67",
            "pass": "123asd123",
            "wpm": 120,
            "accuracy": 0.99
        },
        {
            "user": "ultragen__68",
            "pass": "123asd123",
            "wpm": 120,
            "accuracy": 0.99
        },
        {
            "user": "ultragen__70",
            "pass": "123asd123",
            "wpm": 120,
            "accuracy": 0.99
        },
        {
            "user": "ultragen__71",
            "pass": "123asd123",
            "wpm": 120,
            "accuracy": 0.99
        },
        {
            "user": "ultragen__72",
            "pass": "123asd123",
            "wpm": 120,
            "accuracy": 0.99
        },
        {
            "user": "ultragen__73",
            "pass": "123asd123",
            "wpm": 120,
            "accuracy": 0.99
        },
        {
            "user": "ultragen__74",
            "pass": "123asd123",
            "wpm": 120,
            "accuracy": 0.99
        },
        {
            "user": "ultragen__75",
            "pass": "123asd123",
            "wpm": 120,
            "accuracy": 0.99
        },
        {
            "user": "ultragen__76",
            "pass": "123asd123",
            "wpm": 120,
            "accuracy": 0.99
        },
        {
            "user": "ultragen__77",
            "pass": "123asd123",
            "wpm": 120,
            "accuracy": 0.99
        },
        {
            "user": "ultragen__78",
            "pass": "123asd123",
            "wpm": 120,
            "accuracy": 0.99
        },
        {
            "user": "ultragen__79",
            "pass": "123asd123",
            "wpm": 120,
            "accuracy": 0.99
        },
        {
            "user": "ultragen__80",
            "pass": "123asd123",
            "wpm": 120,
            "accuracy": 0.99
        },
        {
            "user": "ultragen__81",
            "pass": "123asd123",
            "wpm": 120,
            "accuracy": 0.99
        },
        {
            "user": "ultragen__82",
            "pass": "123asd123",
            "wpm": 120,
            "accuracy": 0.99
        },
        {
            "user": "ultragen__83",
            "pass": "123asd123",
            "wpm": 120,
            "accuracy": 0.99
        },
        {
            "user": "ultragen__84",
            "pass": "123asd123",
            "wpm": 120,
            "accuracy": 0.99
        },
        {
            "user": "ultragen__85",
            "pass": "123asd123",
            "wpm": 120,
            "accuracy": 0.99
        },
        {
            "user": "ultragen__86",
            "pass": "123asd123",
            "wpm": 120,
            "accuracy": 0.99
        },
        {
            "user": "ultragen__87",
            "pass": "123asd123",
            "wpm": 120,
            "accuracy": 0.99
        },
        {
            "user": "ultragen__88",
            "pass": "123asd123",
            "wpm": 120,
            "accuracy": 0.99
        },
        {
            "user": "ultragen__89",
            "pass": "123asd123",
            "wpm": 120,
            "accuracy": 0.99
        },
        {
            "user": "ultragen__90",
            "pass": "123asd123",
            "wpm": 120,
            "accuracy": 0.99
        },
        {
            "user": "ultragen__91",
            "pass": "123asd123",
            "wpm": 120,
            "accuracy": 0.99
        },
        {
            "user": "ultragen__92",
            "pass": "123asd123",
            "wpm": 120,
            "accuracy": 0.99
        },
        {
            "user": "ultragen__93",
            "pass": "123asd123",
            "wpm": 120,
            "accuracy": 0.99
        },
        {
            "user": "ultragen__94",
            "pass": "123asd123",
            "wpm": 120,
            "accuracy": 0.99
        },
        {
            "user": "ultragen__95",
            "pass": "123asd123",
            "wpm": 120,
            "accuracy": 0.99
        },
        {
            "user": "ultragen__96",
            "pass": "123asd123",
            "wpm": 120,
            "accuracy": 0.99
        },
        {
            "user": "ultragen__97",
            "pass": "123asd123",
            "wpm": 120,
            "accuracy": 0.99
        },
        {
            "user": "ultragen__98",
            "pass": "123asd123",
            "wpm": 120,
            "accuracy": 0.99
        },
        {
            "user": "ultragen__99",
            "pass": "123asd123",
            "wpm": 120,
            "accuracy": 0.99
        }
    ]
}